{
  "totalOpportunities": 12357,
  "executedOpportunities": 0,
  "filteredOpportunities": 12353,
  "executionRate": 0,
  "avgExpectedProfit": 1.8934549399888323,
  "medianExpectedProfit": 0.000639547,
  "maxProfit": 7693.706141073,
  "minProfit": -0.005038982,
  "totalExpectedProfit": 23397.422693442
}